gt_audio_url,audio_url
https://golferchen.github.io/human-study-8888/1/audio-NUS_CMS_48/adver-F_NJAT@17/F_NJAT@17.wav,https://golferchen.github.io/human-study-8888/1/audio-NUS_CMS_48/adver-F_NJAT@17/F_NJAT@17-test.wav
https://golferchen.github.io/human-study-8888/1/audio-NUS_CMS_48/adver-M_JTAN@13/M_JTAN@13.wav,https://golferchen.github.io/human-study-8888/1/audio-NUS_CMS_48/adver-M_JTAN@13/M_JTAN@13-test.wav
https://golferchen.github.io/human-study-8888/1/audio-NUS_CMS_48/adver-M_KENN@16/M_KENN@16.wav,https://golferchen.github.io/human-study-8888/1/audio-NUS_CMS_48/adver-M_KENN@16/M_KENN@16-test.wav
https://golferchen.github.io/human-study-8888/1/audio-NUS_CMS_48/adver-M_VKOW@17/M_VKOW@17.wav,https://golferchen.github.io/human-study-8888/1/audio-NUS_CMS_48/adver-M_VKOW@17/M_VKOW@17-test.wav
https://golferchen.github.io/human-study-8888/1/audio-NUS_CMS_48/adver_out-F_NJAT@M_VKOW_random_7/F_NJAT@17.wav,https://golferchen.github.io/human-study-8888/1/audio-NUS_CMS_48/adver_out-F_NJAT@M_VKOW_random_7/F_NJAT@M_VKOW_random_7.wav
https://golferchen.github.io/human-study-8888/1/audio-NUS_CMS_48/adver_out-M_JTAN@F_ADIZ_random_33/M_JTAN@15.wav,https://golferchen.github.io/human-study-8888/1/audio-NUS_CMS_48/adver_out-M_JTAN@F_ADIZ_random_33/M_JTAN@F_ADIZ_random_33.wav
https://golferchen.github.io/human-study-8888/1/audio-NUS_CMS_48/adver_out-M_KENN@F_MPOL_random_27/M_KENN@16.wav,https://golferchen.github.io/human-study-8888/1/audio-NUS_CMS_48/adver_out-M_KENN@F_MPOL_random_27/M_KENN@F_MPOL_random_27.wav
https://golferchen.github.io/human-study-8888/1/audio-NUS_CMS_48/adver_out-M_VKOW@F_MCUR_random_12/M_VKOW@17.wav,https://golferchen.github.io/human-study-8888/1/audio-NUS_CMS_48/adver_out-M_VKOW@F_MCUR_random_12/M_VKOW@F_MCUR_random_12.wav
https://golferchen.github.io/human-study-8888/1/audio-NUS_CMS_48/adver_out-M_VKOW@F_PMAR_random_36/M_VKOW@17.wav,https://golferchen.github.io/human-study-8888/1/audio-NUS_CMS_48/adver_out-M_VKOW@F_PMAR_random_36/M_VKOW@F_PMAR_random_36.wav
https://golferchen.github.io/human-study-8888/1/audio-NUS_CMS_48/adver_out_transfer-F_ADIZ@M_SAMF_random_6@xv_coss/F_ADIZ@14.wav,https://golferchen.github.io/human-study-8888/1/audio-NUS_CMS_48/adver_out_transfer-F_ADIZ@M_SAMF_random_6@xv_coss/F_ADIZ@M_SAMF_random_6@xv_coss.wav
https://golferchen.github.io/human-study-8888/1/audio-NUS_CMS_48/adver_out_transfer-M_JTAN@F_ADIZ_random_3@xv_coss/M_JTAN@15.wav,https://golferchen.github.io/human-study-8888/1/audio-NUS_CMS_48/adver_out_transfer-M_JTAN@F_ADIZ_random_3@xv_coss/M_JTAN@F_ADIZ_random_3@xv_coss.wav
https://golferchen.github.io/human-study-8888/1/audio-NUS_CMS_48/adver_out_transfer-M_JTAN@F_MPOL_random_5@xv_coss/M_JTAN@15.wav,https://golferchen.github.io/human-study-8888/1/audio-NUS_CMS_48/adver_out_transfer-M_JTAN@F_MPOL_random_5@xv_coss/M_JTAN@F_MPOL_random_5@xv_coss.wav
https://golferchen.github.io/human-study-8888/1/audio-NUS_CMS_48/adver_out_transfer-M_KENN@F_ADIZ_random_8@xv_coss/M_KENN@16.wav,https://golferchen.github.io/human-study-8888/1/audio-NUS_CMS_48/adver_out_transfer-M_KENN@F_ADIZ_random_8@xv_coss/M_KENN@F_ADIZ_random_8@xv_coss.wav
https://golferchen.github.io/human-study-8888/1/audio-NUS_CMS_48/adver_out_transfer-M_KENN@F_MPUR_random_19@xv_coss/M_KENN@16.wav,https://golferchen.github.io/human-study-8888/1/audio-NUS_CMS_48/adver_out_transfer-M_KENN@F_MPUR_random_19@xv_coss/M_KENN@F_MPUR_random_19@xv_coss.wav
https://golferchen.github.io/human-study-8888/1/audio-NUS_CMS_48/adver_transfer-xv_coss@F_ADIZ@14/F_ADIZ@14.wav,https://golferchen.github.io/human-study-8888/1/audio-NUS_CMS_48/adver_transfer-xv_coss@F_ADIZ@14/xv_coss@F_ADIZ@14.wav
https://golferchen.github.io/human-study-8888/1/audio-NUS_CMS_48/adver_transfer-xv_coss@M_JTAN@15/M_JTAN@15.wav,https://golferchen.github.io/human-study-8888/1/audio-NUS_CMS_48/adver_transfer-xv_coss@M_JTAN@15/xv_coss@M_JTAN@15.wav
https://golferchen.github.io/human-study-8888/1/audio-NUS_CMS_48/adver_transfer-xv_coss@M_KENN@16/M_KENN@16.wav,https://golferchen.github.io/human-study-8888/1/audio-NUS_CMS_48/adver_transfer-xv_coss@M_KENN@16/xv_coss@M_KENN@16.wav
https://golferchen.github.io/human-study-8888/1/audio-NUS_CMS_48/focus_test-F_MCUR@10-M_SAMF@10/F_MCUR@10.wav,https://golferchen.github.io/human-study-8888/1/audio-NUS_CMS_48/focus_test-F_MCUR@10-M_SAMF@10/M_SAMF@10.wav
https://golferchen.github.io/human-study-8888/1/audio-NUS_CMS_48/focus_test-M_JTAN@10-F_ADIZ@10/F_ADIZ@10.wav,https://golferchen.github.io/human-study-8888/1/audio-NUS_CMS_48/focus_test-M_JTAN@10-F_ADIZ@10/M_JTAN@10.wav
https://golferchen.github.io/human-study-8888/1/audio-NUS_CMS_48/focus_test-M_ZHIY@10-F_NJAT@10/F_NJAT@10.wav,https://golferchen.github.io/human-study-8888/1/audio-NUS_CMS_48/focus_test-M_ZHIY@10-F_NJAT@10/M_ZHIY@10.wav
https://golferchen.github.io/human-study-8888/1/audio-NUS_CMS_48/normal_out-F_ADIZ@M_SAMF_random_6/F_ADIZ@14.wav,https://golferchen.github.io/human-study-8888/1/audio-NUS_CMS_48/normal_out-F_ADIZ@M_SAMF_random_6/F_ADIZ@M_SAMF_random_6.wav
https://golferchen.github.io/human-study-8888/1/audio-NUS_CMS_48/normal_out-F_NJAT@M_VKOW_random_7/F_NJAT@17.wav,https://golferchen.github.io/human-study-8888/1/audio-NUS_CMS_48/normal_out-F_NJAT@M_VKOW_random_7/F_NJAT@M_VKOW_random_7.wav
https://golferchen.github.io/human-study-8888/1/audio-NUS_CMS_48/normal_out-M_JTAN@F_ADIZ_random_3/M_JTAN@15.wav,https://golferchen.github.io/human-study-8888/1/audio-NUS_CMS_48/normal_out-M_JTAN@F_ADIZ_random_3/M_JTAN@F_ADIZ_random_3.wav
https://golferchen.github.io/human-study-8888/1/audio-NUS_CMS_48/normal_out-M_JTAN@F_ADIZ_random_33/M_JTAN@15.wav,https://golferchen.github.io/human-study-8888/1/audio-NUS_CMS_48/normal_out-M_JTAN@F_ADIZ_random_33/M_JTAN@F_ADIZ_random_33.wav
https://golferchen.github.io/human-study-8888/1/audio-NUS_CMS_48/normal_out-M_JTAN@F_MPOL_random_5/M_JTAN@15.wav,https://golferchen.github.io/human-study-8888/1/audio-NUS_CMS_48/normal_out-M_JTAN@F_MPOL_random_5/M_JTAN@F_MPOL_random_5.wav
https://golferchen.github.io/human-study-8888/1/audio-NUS_CMS_48/normal_out-M_KENN@F_ADIZ_random_8/M_KENN@16.wav,https://golferchen.github.io/human-study-8888/1/audio-NUS_CMS_48/normal_out-M_KENN@F_ADIZ_random_8/M_KENN@F_ADIZ_random_8.wav
https://golferchen.github.io/human-study-8888/1/audio-NUS_CMS_48/normal_out-M_KENN@F_MPOL_random_27/M_KENN@16.wav,https://golferchen.github.io/human-study-8888/1/audio-NUS_CMS_48/normal_out-M_KENN@F_MPOL_random_27/M_KENN@F_MPOL_random_27.wav
https://golferchen.github.io/human-study-8888/1/audio-NUS_CMS_48/normal_out-M_KENN@F_MPUR_random_19/M_KENN@16.wav,https://golferchen.github.io/human-study-8888/1/audio-NUS_CMS_48/normal_out-M_KENN@F_MPUR_random_19/M_KENN@F_MPUR_random_19.wav
https://golferchen.github.io/human-study-8888/1/audio-NUS_CMS_48/normal_out-M_VKOW@F_MCUR_random_12/M_VKOW@17.wav,https://golferchen.github.io/human-study-8888/1/audio-NUS_CMS_48/normal_out-M_VKOW@F_MCUR_random_12/M_VKOW@F_MCUR_random_12.wav
https://golferchen.github.io/human-study-8888/1/audio-NUS_CMS_48/normal_out-M_VKOW@F_PMAR_random_36/M_VKOW@17.wav,https://golferchen.github.io/human-study-8888/1/audio-NUS_CMS_48/normal_out-M_VKOW@F_PMAR_random_36/M_VKOW@F_PMAR_random_36.wav
https://golferchen.github.io/human-study-8888/1/audio-NUS_CMS_48/source-F_ADIZ@M_SAMF_random_6/F_ADIZ@14.wav,https://golferchen.github.io/human-study-8888/1/audio-NUS_CMS_48/source-F_ADIZ@M_SAMF_random_6/F_ADIZ@M_SAMF_random_6.wav
https://golferchen.github.io/human-study-8888/1/audio-NUS_CMS_48/source-F_NJAT@M_VKOW_random_7/F_NJAT@17.wav,https://golferchen.github.io/human-study-8888/1/audio-NUS_CMS_48/source-F_NJAT@M_VKOW_random_7/F_NJAT@M_VKOW_random_7.wav
https://golferchen.github.io/human-study-8888/1/audio-NUS_CMS_48/source-M_JTAN@F_ADIZ_random_3/M_JTAN@15.wav,https://golferchen.github.io/human-study-8888/1/audio-NUS_CMS_48/source-M_JTAN@F_ADIZ_random_3/M_JTAN@F_ADIZ_random_3.wav
https://golferchen.github.io/human-study-8888/1/audio-NUS_CMS_48/source-M_JTAN@F_ADIZ_random_33/M_JTAN@15.wav,https://golferchen.github.io/human-study-8888/1/audio-NUS_CMS_48/source-M_JTAN@F_ADIZ_random_33/M_JTAN@F_ADIZ_random_33.wav
https://golferchen.github.io/human-study-8888/1/audio-NUS_CMS_48/source-M_JTAN@F_MPOL_random_5/M_JTAN@15.wav,https://golferchen.github.io/human-study-8888/1/audio-NUS_CMS_48/source-M_JTAN@F_MPOL_random_5/M_JTAN@F_MPOL_random_5.wav
https://golferchen.github.io/human-study-8888/1/audio-NUS_CMS_48/source-M_KENN@F_ADIZ_random_8/M_KENN@16.wav,https://golferchen.github.io/human-study-8888/1/audio-NUS_CMS_48/source-M_KENN@F_ADIZ_random_8/M_KENN@F_ADIZ_random_8.wav
https://golferchen.github.io/human-study-8888/1/audio-NUS_CMS_48/source-M_KENN@F_MPOL_random_27/M_KENN@16.wav,https://golferchen.github.io/human-study-8888/1/audio-NUS_CMS_48/source-M_KENN@F_MPOL_random_27/M_KENN@F_MPOL_random_27.wav
https://golferchen.github.io/human-study-8888/1/audio-NUS_CMS_48/source-M_KENN@F_MPUR_random_19/M_KENN@16.wav,https://golferchen.github.io/human-study-8888/1/audio-NUS_CMS_48/source-M_KENN@F_MPUR_random_19/M_KENN@F_MPUR_random_19.wav
https://golferchen.github.io/human-study-8888/1/audio-NUS_CMS_48/source-M_VKOW@F_MCUR_random_12/M_VKOW@17.wav,https://golferchen.github.io/human-study-8888/1/audio-NUS_CMS_48/source-M_VKOW@F_MCUR_random_12/M_VKOW@F_MCUR_random_12.wav
https://golferchen.github.io/human-study-8888/1/audio-NUS_CMS_48/source-M_VKOW@F_PMAR_random_36/M_VKOW@17.wav,https://golferchen.github.io/human-study-8888/1/audio-NUS_CMS_48/source-M_VKOW@F_PMAR_random_36/M_VKOW@F_PMAR_random_36.wav
